category,servings,preparation_age_minutes,pickup_window_minutes,packaging_score,priority
Packaged Food,85,9,359,4,Low
Snacks,181,7,654,5,Low
Cooked Meal,23,243,31,5,High
Cooked Meal,64,388,108,5,Medium
Dairy,37,420,397,4,Medium
Dairy,77,313,686,4,Medium
Dairy,202,168,354,2,High
Bakery,53,458,566,2,Medium
Fruits,226,56,500,5,Medium
Dairy,196,127,715,5,Medium
Bakery,210,297,224,5,Medium
Vegetables,102,338,332,5,Medium
Cooked Meal,100,319,178,5,High
Bakery,41,449,517,1,Medium
Fruits,235,187,354,4,Medium
Snacks,66,227,364,4,Medium
Bakery,151,38,220,5,Medium
Vegetables,217,448,285,5,Medium
Bakery,198,351,499,5,Medium
Bakery,125,282,711,2,High
Vegetables,71,465,35,5,High
Vegetables,71,110,223,5,Medium
Bakery,235,434,460,4,Medium
Bakery,222,456,533,4,Medium
Cooked Meal,55,43,719,4,Medium
Packaged Food,218,154,65,5,Medium
Fruits,216,221,669,2,High
Snacks,29,269,604,2,Medium
Dairy,24,363,481,5,Medium
Fruits,156,103,687,4,Medium
Bakery,209,322,240,4,Medium
Cooked Meal,55,410,554,2,High
Bakery,195,460,186,5,Medium
Bakery,49,297,46,5,Medium
Bakery,216,303,439,4,Medium
Vegetables,67,273,203,4,Medium
Vegetables,149,455,592,5,Medium
Vegetables,179,208,422,4,Medium
Packaged Food,23,312,549,5,Low
Dairy,126,302,95,4,High
Fruits,250,167,479,5,Medium
Packaged Food,125,390,244,4,Medium
Fruits,199,163,534,4,Medium
Packaged Food,167,56,651,5,Low
Fruits,222,107,337,4,Medium
Cooked Meal,64,314,476,5,Medium
Cooked Meal,232,461,255,4,Medium
Fruits,192,462,524,1,High
Cooked Meal,237,430,643,5,Medium
Bakery,119,18,585,5,Medium
Bakery,12,245,256,2,Medium
Cooked Meal,195,241,708,5,Medium
Vegetables,245,51,330,5,Medium
Dairy,25,363,521,5,Medium
Dairy,126,302,690,5,Medium
Dairy,40,226,585,2,Medium
Snacks,159,96,107,4,Medium
Vegetables,209,157,87,5,High
Bakery,196,6,43,1,High
Fruits,246,380,304,1,High
Snacks,48,406,482,5,Low
Vegetables,208,469,646,4,Medium
Snacks,68,366,692,5,Medium
Packaged Food,11,411,71,2,High
Snacks,153,460,430,1,Medium
Vegetables,29,474,720,1,Medium
Dairy,140,329,112,1,High
Dairy,181,237,35,5,High
Cooked Meal,55,137,529,5,Medium
Bakery,116,165,677,1,Medium
Bakery,124,193,574,2,High
Dairy,205,116,532,5,Medium
Bakery,64,253,484,5,Medium
Cooked Meal,222,310,308,2,High
Packaged Food,233,422,196,2,High
Vegetables,154,106,549,4,Medium
Snacks,85,74,346,4,Low
Packaged Food,164,37,493,2,Medium
Fruits,105,5,458,4,Medium
Snacks,45,467,431,2,Medium
Packaged Food,97,179,53,2,High
Snacks,193,410,348,1,Medium
Snacks,99,381,559,4,Medium
Bakery,111,189,100,5,Medium
Vegetables,176,240,254,2,High
Fruits,62,264,654,1,Medium
Snacks,50,20,116,5,Low
Cooked Meal,152,429,137,4,High
Cooked Meal,45,274,518,2,Medium
Fruits,130,63,286,4,Medium
Packaged Food,31,153,196,5,Low
Fruits,148,428,409,4,Medium
Packaged Food,190,235,91,1,High
Snacks,177,403,305,5,Medium
Fruits,91,373,220,5,Medium
Dairy,172,240,527,4,Medium
Snacks,202,480,359,5,Medium
Fruits,165,365,299,5,Medium
Bakery,15,450,143,4,Medium
Cooked Meal,119,316,413,2,High
Cooked Meal,241,301,42,4,High
Vegetables,172,242,611,5,Medium
Snacks,32,20,485,4,Low
Packaged Food,154,375,282,5,Medium
Vegetables,204,380,508,5,Medium
Vegetables,162,171,94,4,Medium
Vegetables,224,96,404,4,Medium
Dairy,167,298,586,4,Medium
Vegetables,18,480,329,1,Medium
Snacks,142,232,424,5,Medium
Dairy,87,284,587,4,Medium
Dairy,183,64,550,2,High
Bakery,34,241,608,2,Medium
Packaged Food,154,449,635,4,Medium
Cooked Meal,190,418,672,2,High
Bakery,162,73,407,5,Medium
Snacks,66,144,397,4,Low
Vegetables,136,171,452,5,Medium
Packaged Food,55,177,290,4,Low
Cooked Meal,232,271,592,1,High
Snacks,210,376,620,5,Medium
Snacks,238,464,677,1,Medium
Snacks,59,393,328,5,Medium
Snacks,91,345,530,1,Medium
Cooked Meal,54,302,476,5,Medium
Snacks,104,7,175,5,Medium
Snacks,245,430,468,1,Medium
Packaged Food,183,143,547,4,Medium
Cooked Meal,14,281,227,2,High
Vegetables,36,33,34,4,Medium
Snacks,188,217,468,1,Medium
Packaged Food,105,148,363,2,Medium
Dairy,43,25,518,4,Low
Fruits,33,458,74,5,Medium
Dairy,95,55,705,5,Medium
Bakery,162,33,168,5,Medium
Dairy,57,146,166,4,Medium
Packaged Food,95,449,207,5,Medium
Vegetables,141,409,341,4,Medium
Dairy,166,40,298,5,Medium
Packaged Food,248,364,326,1,Medium
Snacks,248,94,435,2,Medium
Vegetables,130,260,515,1,High
Vegetables,45,221,425,4,Medium
Cooked Meal,43,427,308,5,Medium
Snacks,242,170,319,5,Medium
Vegetables,154,270,641,5,Medium
Packaged Food,171,413,576,5,Medium
Cooked Meal,23,182,638,5,Medium
Packaged Food,84,423,294,4,Medium
Fruits,178,375,614,4,Medium
Snacks,204,313,701,4,Medium
Vegetables,116,289,107,4,Medium
Fruits,20,460,258,2,Medium
Bakery,84,13,55,5,Medium
Bakery,114,27,319,1,Medium
Vegetables,149,191,647,4,Medium
Bakery,141,413,236,4,Medium
Snacks,115,279,388,1,Medium
Vegetables,210,402,639,4,Medium
Packaged Food,245,330,223,5,Medium
Vegetables,87,14,290,4,Low
Dairy,202,192,470,5,Medium
Packaged Food,14,231,91,5,Medium
Cooked Meal,143,390,645,2,High
Packaged Food,148,474,375,2,Medium
Cooked Meal,235,451,344,4,Medium
Snacks,96,273,260,5,Medium
Packaged Food,124,285,288,2,Medium
Cooked Meal,101,466,124,4,High
Dairy,153,113,269,2,High
Vegetables,34,197,470,5,Medium
Packaged Food,29,35,410,5,Low
Dairy,201,436,269,5,Medium
Vegetables,202,283,165,1,High
Snacks,69,456,435,5,Medium
Fruits,43,6,83,4,Medium
Dairy,125,375,509,5,Medium
Vegetables,120,461,67,2,High
Bakery,126,76,159,5,Medium
Fruits,114,254,578,2,High
Dairy,157,446,471,5,Medium
Fruits,199,275,505,4,Medium
Packaged Food,221,142,317,4,Medium
Bakery,107,282,236,2,High
Bakery,11,131,294,4,Low
Cooked Meal,184,238,415,4,Medium
Bakery,122,408,484,2,High
Packaged Food,60,203,421,5,Medium
Dairy,65,330,44,1,High
Packaged Food,235,58,706,1,Medium
Cooked Meal,203,339,279,4,Medium
Vegetables,84,351,353,5,Medium
Packaged Food,67,115,362,4,Low
Snacks,164,449,117,5,Medium
Dairy,103,112,526,5,Medium
Snacks,159,155,370,5,Medium
Bakery,213,70,711,5,Medium
Cooked Meal,71,200,266,4,Medium
Snacks,195,147,104,5,Medium
Fruits,195,135,97,5,Medium
Cooked Meal,93,302,199,4,Medium
Cooked Meal,221,144,175,4,Medium
Snacks,27,419,413,2,Medium
Vegetables,60,159,659,5,Medium
Dairy,83,326,225,2,High
Bakery,143,130,153,2,High
Cooked Meal,80,472,113,5,Medium
Dairy,59,421,400,5,Medium
Bakery,109,374,50,4,High
Packaged Food,224,377,351,4,Medium
Fruits,102,435,110,5,Medium
Cooked Meal,230,282,514,5,Medium
Snacks,163,149,74,5,Medium
Bakery,177,258,226,5,Medium
Cooked Meal,18,13,492,5,Low
Snacks,242,457,140,5,Medium
Bakery,49,139,695,4,Low
Bakery,182,463,71,4,High
Snacks,84,153,438,5,Low
Bakery,86,450,572,5,Medium
Snacks,89,461,381,4,Medium
Dairy,146,117,36,2,High
Packaged Food,50,466,48,1,High
Cooked Meal,243,22,216,5,Medium
Bakery,241,448,482,2,High
Snacks,203,38,44,4,Medium
Cooked Meal,31,480,243,2,Medium
Bakery,156,76,72,4,High
Bakery,169,270,72,2,High
Cooked Meal,206,459,163,4,High
Snacks,93,240,636,4,Medium
Bakery,97,126,345,4,Medium
Snacks,54,236,428,5,Medium
Snacks,115,152,337,2,Medium
Packaged Food,14,470,375,2,Medium
Packaged Food,21,75,629,4,Low
Snacks,14,35,103,5,Low
Bakery,27,437,438,4,Medium
Vegetables,66,391,473,5,Medium
Fruits,152,155,423,1,Medium
Dairy,155,180,625,1,High
Vegetables,206,389,72,1,High
Snacks,16,294,546,5,Low
Bakery,210,341,415,2,High
Bakery,208,253,517,5,Medium
Vegetables,210,353,331,5,Medium
Bakery,146,383,307,4,Medium
Dairy,138,175,702,5,Medium
Snacks,240,67,507,1,Medium
Snacks,86,232,179,2,Medium
Vegetables,248,75,446,4,Medium
Fruits,155,37,704,5,Medium
Fruits,145,90,90,2,High
Fruits,246,480,101,4,Medium
Dairy,133,143,131,5,Medium
Snacks,241,66,259,4,Medium
Packaged Food,135,71,701,4,Medium
Dairy,179,394,113,4,High
Dairy,153,325,301,5,Medium
Snacks,44,209,68,2,High
Bakery,136,447,117,4,Medium
Bakery,106,434,713,1,High
Snacks,44,302,280,5,Low
Cooked Meal,239,190,654,1,High
Packaged Food,177,188,326,4,Medium
Fruits,45,336,603,5,Medium
Cooked Meal,26,200,335,5,Medium
Fruits,33,163,405,2,Medium
Fruits,95,28,232,5,Medium
Packaged Food,191,417,189,4,Medium
Packaged Food,36,346,524,5,Low
Cooked Meal,15,414,94,2,High
Bakery,234,171,172,5,Medium
Vegetables,65,346,477,5,Medium
Bakery,128,231,717,2,High
Snacks,51,17,90,4,Medium
Packaged Food,139,7,368,5,Low
Bakery,26,347,441,4,Medium
Vegetables,28,408,187,2,Medium
Cooked Meal,134,415,93,4,High
Bakery,237,406,316,2,High
Dairy,142,432,532,4,Medium
Bakery,78,75,598,5,Medium
Bakery,18,79,207,5,Medium
Cooked Meal,48,106,456,4,Medium
Vegetables,118,13,294,4,Medium
Fruits,101,148,698,5,Medium
Bakery,192,200,176,5,Medium
Dairy,111,49,689,1,Medium
Packaged Food,22,341,281,4,Low
Dairy,130,11,605,4,Medium
Dairy,239,323,465,1,High
Fruits,238,23,565,5,Medium
Vegetables,194,202,347,4,Medium
Dairy,75,37,610,2,Medium
Vegetables,121,332,415,2,High
Bakery,57,23,46,4,Medium
Fruits,88,213,642,5,Medium
Cooked Meal,137,118,338,4,Medium
Bakery,85,75,302,1,Medium
Snacks,114,270,452,4,Medium
Bakery,202,438,238,5,Medium
Snacks,130,22,654,1,Medium
Cooked Meal,100,33,686,5,Medium
Cooked Meal,95,323,455,5,Medium
Vegetables,242,108,536,5,Medium
Packaged Food,114,190,527,5,Medium
Snacks,128,147,543,2,Medium
Dairy,93,249,709,2,High
Snacks,118,363,432,4,Medium
Packaged Food,78,122,438,5,Low
Bakery,165,181,331,4,Medium
Cooked Meal,106,254,275,5,Medium
Snacks,127,248,492,4,Medium
Bakery,74,299,119,1,High
Packaged Food,49,255,467,4,Low
Packaged Food,117,128,69,5,Medium
Cooked Meal,135,134,272,4,Medium
Vegetables,106,399,331,5,Medium
Cooked Meal,131,237,80,2,High
Dairy,37,134,227,4,Medium
Fruits,224,13,106,4,Medium
Vegetables,52,23,224,5,Medium
Bakery,96,457,271,4,Medium
Packaged Food,73,98,122,2,Medium
Bakery,101,249,339,5,Medium
Packaged Food,202,192,107,5,Medium
Vegetables,185,169,147,5,Medium
Snacks,56,30,57,4,Medium
Snacks,85,180,156,5,Medium
Packaged Food,193,360,710,4,Medium
Bakery,84,449,598,4,Medium
Bakery,131,290,342,5,Medium
Packaged Food,171,40,702,4,Low
Bakery,216,129,57,5,High
Cooked Meal,54,167,502,4,Medium
Fruits,229,451,139,2,High
Fruits,207,232,260,4,Medium
Fruits,31,24,270,1,Medium
Vegetables,99,95,425,4,Medium
Bakery,118,222,322,1,High
Snacks,80,198,353,5,Medium
Dairy,77,272,392,4,Medium
Dairy,16,6,717,4,Low
Bakery,124,91,693,1,Medium
Fruits,174,113,154,5,Medium
Vegetables,145,59,626,5,Medium
Cooked Meal,66,244,632,5,Medium
Dairy,146,413,296,2,High
Snacks,230,361,57,5,High
Dairy,139,298,433,5,Medium
Bakery,14,127,561,1,Medium
Cooked Meal,34,318,507,4,Medium
Packaged Food,56,381,203,2,Medium
Vegetables,112,157,405,4,Medium
Cooked Meal,50,250,469,2,High
Dairy,124,296,335,5,Medium
Vegetables,215,394,102,4,Medium
Bakery,222,285,603,5,Medium
Dairy,189,389,460,5,Medium
Cooked Meal,87,328,546,4,Medium
Snacks,190,85,207,5,Medium
Vegetables,158,411,427,4,Medium
Packaged Food,94,477,553,4,Medium
Fruits,60,108,90,4,Medium
Cooked Meal,10,119,153,5,Medium
Fruits,29,35,517,2,Medium
Packaged Food,206,213,88,4,High
Snacks,236,11,324,1,Medium
Cooked Meal,92,301,101,5,Medium
Packaged Food,185,49,244,1,Medium
Fruits,22,478,512,5,Medium
Snacks,129,399,682,2,Medium
Snacks,150,308,718,5,Medium
Packaged Food,91,337,436,5,Medium
Dairy,136,209,124,5,High
Snacks,202,429,425,4,Medium
Cooked Meal,172,242,418,5,Medium
Dairy,190,174,235,4,Medium
Snacks,52,183,451,5,Medium
Snacks,131,246,702,5,Medium
Vegetables,30,212,366,5,Medium
Packaged Food,76,477,262,1,Medium
Snacks,223,458,652,4,Medium
Vegetables,48,328,91,2,Medium
Vegetables,43,291,421,5,Medium
Bakery,45,241,624,2,Medium
Packaged Food,160,373,653,1,Medium
Bakery,111,280,694,5,Medium
Fruits,132,109,330,4,Medium
Bakery,16,219,473,5,Medium
Vegetables,221,85,508,4,Medium
Packaged Food,17,156,250,4,Low
Bakery,50,270,249,5,Medium
Cooked Meal,117,127,224,4,Medium
Bakery,47,135,522,5,Low
Bakery,18,417,494,2,Medium
Packaged Food,50,355,611,5,Medium
Snacks,47,156,403,5,Low
Snacks,193,284,298,4,Medium
Dairy,79,133,95,2,High
Dairy,168,66,641,4,Medium
Snacks,192,310,450,2,Medium
Bakery,154,11,32,5,Medium
Packaged Food,64,352,336,5,Medium
Fruits,61,231,466,5,Medium
Vegetables,93,252,634,1,Medium
Bakery,170,131,627,4,Medium
Vegetables,232,51,431,2,Medium
Bakery,220,363,37,4,High
Vegetables,104,11,339,1,Medium
Packaged Food,85,205,143,4,Medium
Vegetables,244,105,99,5,Medium
Vegetables,47,459,270,4,Medium
Bakery,225,428,640,1,High
Packaged Food,221,360,187,2,High
Dairy,105,61,551,5,Medium
Fruits,103,294,583,2,High
Bakery,191,401,192,5,Medium
Fruits,171,347,102,5,Medium
Vegetables,28,257,591,5,Medium
Dairy,110,75,125,1,High
Snacks,49,317,666,5,Low
Fruits,204,191,225,5,Medium
Fruits,196,128,212,4,Medium
Packaged Food,70,324,500,5,Medium
Cooked Meal,214,372,690,5,Medium
Bakery,36,478,439,4,Medium
Cooked Meal,17,104,408,5,Medium
Dairy,207,135,180,2,High
Bakery,84,212,643,4,Medium
Bakery,168,348,616,1,High
Fruits,208,362,130,5,Medium
Cooked Meal,118,388,128,2,High
Bakery,87,235,516,5,Medium
Snacks,212,19,93,5,Medium
Vegetables,64,313,677,2,Medium
Bakery,212,330,605,5,Medium
Vegetables,55,75,323,1,Medium
Vegetables,52,85,586,5,Medium
Vegetables,26,360,240,5,Medium
Snacks,155,197,577,2,Medium
Bakery,205,423,174,2,High
Packaged Food,213,40,116,5,Medium
Vegetables,49,461,360,5,Medium
Dairy,14,219,142,4,Medium
Snacks,190,248,431,4,Medium
Snacks,42,169,276,5,Low
Bakery,218,204,543,2,High
Packaged Food,156,141,636,5,Medium
Fruits,101,391,293,5,Medium
Vegetables,143,343,223,5,Medium
Vegetables,30,194,442,2,Medium
Bakery,188,30,688,5,Medium
Vegetables,79,350,548,4,Medium
Dairy,50,374,396,4,Medium
Dairy,137,451,49,4,High
Vegetables,123,283,502,5,Medium
Cooked Meal,219,86,65,4,High
Cooked Meal,123,365,195,4,High
Dairy,182,247,331,4,Medium
Fruits,203,332,520,5,Medium
Vegetables,60,71,686,5,Medium
Snacks,48,121,206,5,Low
Packaged Food,82,171,527,2,Medium
Snacks,240,118,681,5,Medium
Cooked Meal,194,300,462,4,Medium
Cooked Meal,156,198,181,2,High
Dairy,202,81,200,5,Medium
Snacks,67,291,199,1,Medium
Vegetables,15,330,336,5,Medium
Snacks,218,45,532,1,Medium
Snacks,82,394,254,4,Medium
Snacks,87,428,463,2,Medium
Dairy,208,404,343,2,High
Fruits,249,158,365,2,Medium
Cooked Meal,182,151,159,5,Medium
Dairy,168,387,159,5,High
Packaged Food,18,392,111,2,Medium
Fruits,67,395,277,5,Medium
Dairy,213,53,438,5,Medium
Dairy,88,107,59,5,High
Snacks,206,111,323,1,Medium
Bakery,193,426,638,5,Medium
Snacks,211,420,581,4,Medium
Dairy,71,416,322,4,Medium
Vegetables,116,50,537,5,Medium
Dairy,92,11,292,5,Medium
Dairy,132,144,635,5,Medium
Packaged Food,42,7,377,1,Low
Snacks,132,70,636,5,Medium
Vegetables,175,304,493,5,Medium
Bakery,196,233,567,4,Medium
Bakery,56,249,587,5,Medium
Vegetables,94,476,486,4,Medium
Dairy,180,408,539,1,High
Packaged Food,61,445,83,4,Medium
Vegetables,129,136,123,5,Medium
Cooked Meal,33,25,150,5,Medium
Snacks,221,81,112,4,Medium
Fruits,51,164,54,4,Medium
Snacks,109,246,403,1,Medium
Packaged Food,29,432,501,4,Low
Cooked Meal,207,179,77,5,High
Packaged Food,145,255,708,1,Medium
Vegetables,142,88,640,5,Medium
Vegetables,12,119,186,4,Medium
Dairy,150,41,206,5,Medium
Vegetables,204,460,143,5,Medium
Fruits,175,44,166,5,Medium
Packaged Food,13,244,507,5,Low
Vegetables,63,420,577,4,Medium
Snacks,133,310,307,1,Medium
Bakery,91,460,607,5,Medium
Fruits,142,352,346,4,Medium
Cooked Meal,233,318,483,5,Medium
Fruits,232,252,456,5,Medium
Cooked Meal,81,116,636,5,Medium
Vegetables,56,47,157,5,Medium
Vegetables,17,386,396,2,Medium
Bakery,204,196,161,4,Medium
Cooked Meal,108,395,709,5,Medium
Bakery,220,213,78,5,High
Cooked Meal,140,222,297,5,Medium
Snacks,49,250,254,4,Low
Fruits,18,271,71,5,Medium
Snacks,159,13,593,4,Low
Dairy,10,307,712,4,Medium
Cooked Meal,91,118,655,5,Medium
Vegetables,205,479,591,1,High
Snacks,152,152,205,4,Medium
Bakery,209,301,512,4,Medium
Dairy,144,282,175,5,High
Cooked Meal,163,295,406,5,Medium
Bakery,227,455,648,1,High
Dairy,96,28,217,4,Medium
Dairy,55,139,695,2,Medium
Packaged Food,166,95,487,1,Medium
Dairy,92,338,457,2,High
Cooked Meal,111,407,719,5,Medium
Cooked Meal,68,445,540,5,Medium
Vegetables,184,405,689,5,Medium
Vegetables,81,223,220,4,Medium
Packaged Food,50,264,520,5,Medium
Cooked Meal,81,261,388,4,Medium
Bakery,31,286,270,1,Medium
Fruits,98,375,696,5,Medium
Cooked Meal,122,71,126,4,Medium
Dairy,112,357,498,2,High
Dairy,156,258,121,4,High
Snacks,179,206,675,5,Medium
Cooked Meal,202,333,359,2,High
Vegetables,77,468,320,2,Medium
Packaged Food,104,336,49,2,High
Bakery,141,27,424,5,Medium
Bakery,24,5,496,5,Low
Snacks,24,214,563,5,Low
Cooked Meal,114,156,686,5,Medium
Snacks,97,243,213,4,Medium
Bakery,97,263,344,5,Medium
Vegetables,238,240,390,5,Medium
Packaged Food,233,326,311,1,Medium
Snacks,44,289,359,1,Medium
Snacks,129,265,451,5,Medium
Packaged Food,86,74,185,1,Medium
Dairy,169,103,421,2,High
Bakery,214,431,641,2,High
Bakery,179,52,504,5,Medium
Dairy,119,279,32,2,High
Bakery,247,296,554,4,Medium
Packaged Food,222,310,633,4,Medium
Vegetables,174,80,159,5,Medium
Snacks,183,185,472,4,Medium
Dairy,180,246,209,5,High
Vegetables,111,42,188,5,Medium
Fruits,27,438,419,5,Medium
Cooked Meal,13,230,95,4,Medium
Bakery,12,443,99,5,Medium
Fruits,190,215,61,2,High
Dairy,11,29,201,4,Medium
Packaged Food,51,392,197,4,Medium
Packaged Food,96,460,161,2,Medium
Fruits,244,375,106,4,Medium
Bakery,113,373,618,5,Medium
Snacks,22,321,44,4,Medium
Snacks,26,71,569,5,Low
Bakery,15,119,184,2,Medium
Dairy,47,101,273,5,Medium
Fruits,161,282,57,5,High
Vegetables,57,190,239,4,Medium
Bakery,107,165,587,2,Medium
Cooked Meal,33,292,32,4,High
Dairy,223,28,221,4,Medium
Cooked Meal,33,220,689,1,Medium
Cooked Meal,20,425,637,2,Medium
Dairy,145,36,407,5,Medium
Snacks,108,458,80,4,High
Vegetables,225,179,376,4,Medium
Vegetables,227,347,498,4,Medium
Fruits,96,185,303,1,Medium
Bakery,132,361,541,5,Medium
Fruits,214,218,381,4,Medium
Packaged Food,248,370,520,5,Medium
Packaged Food,49,47,326,1,Low
Vegetables,27,280,438,5,Medium
Bakery,26,121,686,5,Low
Snacks,69,423,315,2,Medium
Vegetables,66,453,548,4,Medium
Dairy,211,83,112,5,Medium
Bakery,109,269,112,1,High
Fruits,164,75,241,1,Medium
Snacks,125,296,479,5,Medium
Dairy,27,346,264,5,Medium
Vegetables,194,233,478,5,Medium
Packaged Food,204,422,129,5,Medium
Cooked Meal,22,240,451,5,Medium
Fruits,71,453,463,4,Medium
Vegetables,10,273,291,2,Medium
Packaged Food,32,99,73,2,Medium
Dairy,122,7,606,2,Medium
Bakery,179,364,533,5,Medium
Cooked Meal,228,15,698,1,Medium
Snacks,127,214,340,5,Medium
Cooked Meal,248,450,178,4,High
Packaged Food,78,332,60,4,Medium
Fruits,29,105,555,4,Low
Cooked Meal,161,181,690,4,Medium
Bakery,229,383,249,4,Medium
Packaged Food,217,224,247,4,Medium
Dairy,181,329,622,5,Medium
Packaged Food,85,275,689,1,Medium
Packaged Food,83,191,294,5,Medium
Dairy,101,177,81,1,High
Bakery,209,465,496,5,Medium
Vegetables,216,121,360,1,Medium
Fruits,116,197,593,4,Medium
Fruits,58,344,99,5,Medium
Cooked Meal,61,401,551,4,Medium
Dairy,56,101,464,4,Medium
Fruits,79,317,78,5,High
Dairy,208,185,127,5,High
Fruits,41,217,131,2,Medium
Bakery,111,160,290,5,Medium
Snacks,110,226,36,4,High
Dairy,190,45,658,1,Medium
Vegetables,75,209,628,5,Medium
Snacks,148,200,565,5,Medium
Dairy,77,324,565,1,High
Cooked Meal,172,379,464,2,High
Vegetables,131,399,527,2,High
Fruits,93,111,36,1,High
Snacks,145,40,504,5,Low
Cooked Meal,169,63,341,4,Medium
Snacks,42,162,344,2,Medium
Vegetables,77,204,435,2,Medium
Cooked Meal,112,82,597,4,Medium
Cooked Meal,174,453,240,4,High
Bakery,97,426,85,2,High
Cooked Meal,78,181,151,5,Medium
Bakery,172,395,186,5,Medium
Fruits,219,465,482,5,Medium
Bakery,29,153,687,1,Medium
Dairy,239,358,122,4,High
Fruits,127,80,452,4,Medium
Snacks,19,342,475,5,Low
Snacks,180,299,582,5,Medium
Dairy,68,20,423,4,Medium
Packaged Food,121,285,271,1,Medium
Dairy,226,284,649,5,Medium
Bakery,46,363,405,1,Medium
Snacks,146,175,477,4,Medium
Bakery,80,357,389,1,Medium
Bakery,225,373,54,5,High
Dairy,168,174,563,1,High
Cooked Meal,18,346,636,1,Medium
Snacks,137,464,102,4,Medium
Packaged Food,205,475,140,4,Medium
Vegetables,66,65,521,4,Medium
Vegetables,89,140,308,1,Medium
Bakery,124,368,204,5,Medium
Bakery,214,461,395,4,Medium
Cooked Meal,227,269,432,4,Medium
Snacks,126,424,153,5,Medium
Fruits,217,190,194,2,High
Snacks,89,146,41,5,Medium
Cooked Meal,218,148,390,5,Medium
Bakery,84,47,91,5,Medium
Cooked Meal,84,443,417,1,High
Packaged Food,123,260,659,5,Medium
Dairy,197,363,658,5,Medium
Dairy,64,277,646,5,Medium
Cooked Meal,51,43,704,1,Medium
Bakery,161,67,692,2,Medium
Bakery,120,56,85,4,Medium
Bakery,248,292,587,5,Medium
Packaged Food,236,386,236,5,Medium
Bakery,30,324,462,2,Medium
Vegetables,225,440,580,2,High
Dairy,238,30,509,4,Medium
Vegetables,29,231,155,4,Medium
Fruits,181,193,483,5,Medium
Snacks,160,310,180,1,High
Cooked Meal,204,62,519,5,Medium
Dairy,139,189,79,5,High
Dairy,63,232,307,5,Medium
Packaged Food,175,477,93,5,Medium
Dairy,165,161,305,1,High
Bakery,122,153,448,5,Medium
Snacks,14,417,212,5,Medium
Cooked Meal,202,133,50,5,High
Bakery,157,436,176,1,High
Snacks,11,47,116,4,Low
Vegetables,149,265,307,5,Medium
Snacks,215,423,580,5,Medium
Cooked Meal,196,358,98,1,High
Fruits,133,356,432,4,Medium
Fruits,34,426,610,2,Medium
Bakery,77,59,599,4,Low
Packaged Food,113,39,349,5,Low
Bakery,126,348,385,5,Medium
Dairy,218,124,353,1,High
Cooked Meal,203,317,604,1,High
Vegetables,140,206,539,5,Medium
Bakery,130,419,119,4,Medium
Vegetables,121,420,302,5,Medium
Bakery,16,456,658,5,Medium
Dairy,162,381,597,5,Medium
Fruits,69,286,187,4,Medium
Cooked Meal,229,424,98,4,High
Snacks,228,262,673,4,Medium
Dairy,101,86,409,4,Medium
Dairy,149,142,268,1,High
Bakery,156,13,713,5,Medium
Bakery,189,381,128,4,Medium
Dairy,157,247,318,4,Medium
Fruits,113,416,228,5,Medium
Fruits,193,82,285,4,Medium
Vegetables,51,364,700,1,Medium
Bakery,246,391,314,5,Medium
Bakery,68,160,646,4,Medium
Cooked Meal,55,454,109,4,Medium
Snacks,13,37,509,4,Low
Bakery,211,153,696,4,Medium
Packaged Food,57,377,356,5,Medium
Cooked Meal,184,420,337,4,Medium
Dairy,45,479,648,1,Medium
Packaged Food,102,245,703,4,Medium
Fruits,106,84,618,4,Medium
Bakery,242,209,583,5,Medium
Snacks,93,103,167,5,Medium
Vegetables,244,101,84,4,High
Packaged Food,153,124,668,2,Medium
Fruits,216,107,224,2,High
Cooked Meal,178,416,630,2,High
Packaged Food,58,130,663,1,Medium
Cooked Meal,183,466,249,4,Medium
Packaged Food,94,253,379,2,Medium
Snacks,94,280,108,5,Medium
Vegetables,34,16,196,5,Low
Cooked Meal,222,153,644,4,Medium
Bakery,239,420,269,2,High
Vegetables,69,221,47,1,High
Vegetables,181,229,41,2,High
Vegetables,79,367,715,5,Medium
Packaged Food,173,400,117,5,Medium
Bakery,137,362,205,5,Medium
Snacks,80,239,286,2,Medium
Vegetables,26,199,334,5,Medium
Vegetables,79,480,75,4,High
Vegetables,160,51,578,4,Medium
Fruits,145,212,328,1,High
Bakery,195,116,471,5,Medium
Bakery,68,359,302,4,Medium
Dairy,177,189,531,5,Medium
Cooked Meal,32,236,619,4,Medium
Vegetables,198,400,441,5,Medium
Packaged Food,45,65,626,2,Medium
Vegetables,27,416,440,1,Medium
Snacks,142,463,111,4,Medium
Cooked Meal,61,134,701,5,Medium
Dairy,125,401,333,2,High
Cooked Meal,214,335,322,4,Medium
Fruits,18,145,184,5,Medium
Vegetables,70,242,333,5,Medium
Bakery,77,200,130,5,Medium
Fruits,178,208,644,2,High
Packaged Food,178,58,245,5,Low
Bakery,228,73,637,5,Medium
Bakery,196,142,72,5,High
Bakery,71,127,198,1,Medium
Dairy,106,301,557,4,Medium
Cooked Meal,158,468,357,5,Medium
Dairy,169,362,225,4,High
Dairy,164,9,572,5,Medium
Fruits,245,90,236,4,Medium
Vegetables,22,43,151,1,Medium
Bakery,29,401,153,5,Medium
Cooked Meal,171,476,298,1,High
Bakery,204,428,376,5,Medium
Fruits,202,58,359,4,Medium
Cooked Meal,240,142,73,5,High
Cooked Meal,163,84,381,5,Medium
Fruits,29,384,127,1,Medium
Packaged Food,128,230,387,1,Medium
Bakery,240,352,420,5,Medium
Snacks,234,117,282,5,Medium
Packaged Food,56,269,349,2,Medium
Fruits,58,415,342,5,Medium
Packaged Food,183,8,486,5,Low
Vegetables,191,401,306,1,High
Cooked Meal,109,324,555,5,Medium
Fruits,116,291,377,5,Medium
Bakery,221,306,553,2,High
Fruits,54,141,688,2,Medium
Snacks,130,260,62,4,High
Vegetables,30,102,279,2,Medium
Dairy,164,244,177,5,High
Packaged Food,247,122,172,4,Medium
Cooked Meal,159,373,216,4,High
Fruits,30,210,191,4,Medium
Snacks,239,407,113,4,Medium
Snacks,142,402,68,5,High
Packaged Food,84,79,117,4,Medium
Packaged Food,249,330,155,4,Medium
Bakery,144,444,312,5,Medium
Cooked Meal,50,459,215,5,Medium
Packaged Food,128,166,600,5,Medium
Snacks,40,360,678,5,Low
Vegetables,112,361,523,1,High
Bakery,234,418,268,5,Medium
Cooked Meal,18,141,613,4,Medium
Dairy,30,194,146,4,Medium
Cooked Meal,94,140,110,5,Medium
Cooked Meal,173,262,471,4,Medium
Fruits,126,105,232,1,High
Vegetables,106,48,356,5,Medium
Bakery,135,355,65,5,High
Fruits,243,380,64,5,High
Packaged Food,187,407,500,5,Medium
Fruits,219,230,412,4,Medium
Bakery,117,151,208,5,Medium
Vegetables,39,390,720,4,Medium
Snacks,54,327,491,1,Medium
Vegetables,121,177,368,4,Medium
Vegetables,161,277,714,5,Medium
Dairy,182,144,304,4,Medium
Cooked Meal,101,253,263,4,Medium
Packaged Food,65,312,402,5,Medium
Bakery,170,469,76,5,High
Fruits,107,12,610,5,Medium
Snacks,248,251,569,5,Medium
Fruits,126,459,166,4,Medium
Dairy,108,315,113,1,High
Bakery,36,218,707,1,Medium
Packaged Food,214,70,507,4,Medium
Bakery,217,106,579,4,Medium
Snacks,209,286,487,5,Medium
Packaged Food,150,178,703,5,Medium
Snacks,206,386,241,5,Medium
Vegetables,46,325,710,4,Medium
Dairy,59,389,255,4,Medium
Snacks,155,87,130,4,Medium
Cooked Meal,79,267,588,4,Medium
Packaged Food,93,302,328,5,Medium
Bakery,250,174,613,2,Medium
Cooked Meal,158,80,364,1,High
Dairy,235,434,472,4,Medium
Snacks,156,331,125,4,Medium
Dairy,230,94,394,5,Medium
Snacks,172,135,231,1,Medium
Packaged Food,71,284,494,5,Medium
Fruits,243,197,435,5,Medium
Dairy,39,17,412,4,Low
Dairy,102,219,639,5,Medium
Vegetables,245,27,53,2,High
Dairy,59,452,553,1,High
Packaged Food,120,407,452,5,Medium
Dairy,37,297,121,5,Medium
Bakery,102,277,288,5,Medium
Snacks,218,306,335,4,Medium
Snacks,95,305,546,5,Medium
Vegetables,138,76,438,4,Medium
Fruits,218,445,101,1,High
Cooked Meal,120,226,486,4,Medium
Fruits,138,240,395,4,Medium
Fruits,163,38,324,5,Medium
Snacks,142,156,608,2,Medium
Cooked Meal,27,260,323,5,Medium
Cooked Meal,141,15,403,5,Medium
Packaged Food,15,208,59,5,Medium
Vegetables,31,22,695,2,Medium
Snacks,18,239,59,1,High
Dairy,43,233,159,5,Medium
Dairy,110,118,244,2,High
Packaged Food,124,346,484,5,Medium
Vegetables,188,46,53,1,High
Cooked Meal,126,429,254,1,High
Bakery,113,459,606,5,Medium
Vegetables,137,312,437,1,High
Vegetables,166,176,322,5,Medium
Vegetables,72,31,529,5,Low
Vegetables,124,388,189,1,High
Cooked Meal,137,455,473,4,Medium
Bakery,10,402,351,5,Medium
Fruits,24,330,366,2,Medium
Fruits,56,340,112,1,High
Fruits,82,185,510,4,Medium
Bakery,99,367,63,5,High
Fruits,225,119,716,5,Medium
Dairy,233,314,33,5,High
Dairy,235,154,666,5,Medium
Vegetables,72,262,341,5,Medium
Vegetables,215,167,344,4,Medium
Dairy,66,89,59,4,High
Packaged Food,86,17,360,2,Medium
Snacks,95,51,690,4,Low
Bakery,28,307,354,4,Medium
Dairy,71,60,387,5,Medium
Fruits,195,164,682,5,Medium
Packaged Food,194,400,316,2,Medium
Fruits,200,86,136,5,Medium
Vegetables,195,276,698,5,Medium
Packaged Food,209,398,404,1,Medium
Vegetables,134,202,433,4,Medium
Cooked Meal,85,269,559,2,High
Vegetables,69,423,163,2,High
Cooked Meal,189,178,278,2,High
Fruits,98,94,710,4,Medium
Snacks,249,68,482,5,Medium
Bakery,70,386,261,4,Medium
Bakery,45,462,510,4,Medium
Vegetables,144,381,534,5,Medium
Snacks,230,241,376,2,Medium
Cooked Meal,100,38,540,5,Medium
Dairy,74,195,583,5,Medium
Vegetables,116,176,538,2,Medium
Packaged Food,65,268,425,4,Medium
Vegetables,213,73,497,2,Medium
Bakery,121,167,460,5,Medium
Vegetables,245,241,695,1,High
Vegetables,156,77,363,5,Medium
Vegetables,42,154,84,1,High
Vegetables,201,8,589,1,Medium
Cooked Meal,161,387,202,2,High
Vegetables,247,331,355,1,High
Bakery,88,454,523,4,Medium
Dairy,182,422,437,5,Medium
Bakery,168,81,182,1,High
Packaged Food,218,459,628,4,Medium
Vegetables,231,281,164,5,Medium
Snacks,201,98,166,5,Medium
Fruits,175,392,375,1,High
Dairy,146,374,706,4,Medium
Dairy,87,161,644,1,Medium
Vegetables,240,332,478,5,Medium
Bakery,146,193,221,5,Medium
Fruits,70,419,474,5,Medium
Bakery,81,8,388,5,Low
Vegetables,226,405,494,2,High
Fruits,115,17,573,5,Medium
Snacks,84,45,657,4,Low
Fruits,240,67,131,4,Medium
Bakery,183,411,650,2,High
Dairy,165,83,682,1,High
Packaged Food,46,348,703,4,Low
Bakery,195,81,366,4,Medium
Packaged Food,203,19,300,5,Low
Snacks,66,318,134,1,Medium
Vegetables,38,44,355,5,Low
Vegetables,22,462,597,4,Medium
Fruits,200,12,522,5,Medium
Packaged Food,173,367,146,1,High
Cooked Meal,138,375,83,4,High
Packaged Food,157,358,321,1,Medium
Fruits,155,470,123,4,Medium
Dairy,89,26,579,2,Medium
Cooked Meal,167,248,502,5,Medium
Vegetables,233,263,568,1,High
Dairy,50,255,128,4,Medium
Vegetables,103,470,378,4,Medium
Snacks,210,52,338,5,Low
Cooked Meal,120,293,388,4,Medium
Bakery,109,365,534,4,Medium
Cooked Meal,49,426,274,2,Medium
Packaged Food,223,284,520,5,Medium
Bakery,71,388,594,4,Medium
Snacks,49,207,651,4,Low
Cooked Meal,117,176,470,5,Medium
Cooked Meal,223,234,377,4,Medium
Bakery,207,106,648,4,Medium
Vegetables,188,39,591,4,Medium
Packaged Food,117,329,417,4,Medium
Cooked Meal,142,471,298,5,Medium
Dairy,33,89,38,5,Medium
Packaged Food,36,267,39,5,Medium
Snacks,125,268,466,4,Medium
Dairy,232,438,311,4,Medium
Packaged Food,174,436,678,1,Medium
Fruits,183,442,315,5,Medium
Packaged Food,206,218,146,5,Medium
Vegetables,180,94,690,4,Medium
Dairy,95,301,372,5,Medium
Bakery,155,126,482,4,Medium
Dairy,197,208,277,2,High
Fruits,114,62,535,4,Medium
Bakery,138,205,287,5,Medium
Packaged Food,237,90,622,2,Medium
Bakery,88,327,663,5,Medium
Dairy,249,14,290,5,Medium
Vegetables,146,243,53,5,High
Cooked Meal,151,181,527,4,Medium
Vegetables,211,253,565,5,Medium
Snacks,21,347,121,5,Medium
Snacks,192,143,453,4,Medium
Bakery,130,295,234,5,Medium
Cooked Meal,209,393,285,5,Medium
Dairy,243,322,38,2,High
Snacks,248,415,529,4,Medium
Fruits,59,16,313,4,Low
Cooked Meal,171,301,288,5,Medium
Dairy,93,32,216,5,Medium
Vegetables,190,425,216,2,High
Packaged Food,192,40,512,4,Low
Fruits,202,312,384,5,Medium
Vegetables,100,302,163,5,Medium
Bakery,136,289,204,2,High
Vegetables,69,55,342,4,Low
Fruits,17,423,544,1,Medium
Bakery,105,286,116,1,High
Dairy,36,107,137,4,Medium
Cooked Meal,23,237,460,5,Medium
Cooked Meal,214,111,510,5,Medium
Cooked Meal,223,88,417,1,High
Snacks,177,70,99,2,Medium
Dairy,92,338,568,4,Medium
Cooked Meal,151,333,419,1,High
Fruits,166,318,226,4,Medium
Snacks,207,146,494,4,Medium
Vegetables,28,288,214,5,Medium
Bakery,194,442,567,5,Medium
Snacks,127,324,700,5,Medium
Bakery,192,76,492,5,Medium
Bakery,56,268,461,5,Medium
Cooked Meal,136,249,227,5,High
Cooked Meal,89,362,426,4,Medium
Cooked Meal,27,412,243,2,Medium
Vegetables,39,401,158,5,Medium
Dairy,33,9,370,5,Low
Snacks,78,257,612,5,Medium
Cooked Meal,152,442,657,5,Medium
Snacks,76,345,673,4,Medium
Cooked Meal,250,63,242,2,High
Dairy,157,333,235,4,High
Packaged Food,141,392,447,5,Medium
Vegetables,228,213,426,4,Medium
Snacks,138,432,413,4,Medium
Packaged Food,184,372,399,5,Medium
Packaged Food,189,205,688,2,Medium
Packaged Food,147,305,335,5,Medium
Vegetables,161,439,313,2,High
Dairy,107,260,432,4,Medium
Dairy,115,174,557,5,Medium
Snacks,224,435,284,2,Medium
Bakery,182,124,661,2,Medium
Dairy,182,300,406,4,Medium
Packaged Food,144,97,571,1,Medium
Fruits,199,129,566,5,Medium
Dairy,183,425,185,4,High
Snacks,215,142,263,1,Medium
Packaged Food,42,125,61,2,Medium
Dairy,137,89,357,5,Medium
Packaged Food,228,107,240,5,Medium
Cooked Meal,150,159,172,5,Medium
Fruits,218,58,476,1,Medium
Snacks,97,120,104,1,Medium
Vegetables,209,426,518,5,Medium
Cooked Meal,126,221,512,1,High
Snacks,231,357,662,5,Medium
Cooked Meal,158,41,418,5,Medium
Fruits,62,406,132,5,Medium
Packaged Food,26,296,48,5,Medium
Bakery,54,408,414,4,Medium
Bakery,93,323,556,4,Medium
Bakery,168,370,213,1,High
Cooked Meal,130,101,575,5,Medium
Fruits,156,351,102,5,Medium
Vegetables,58,71,444,2,Medium
Bakery,49,263,287,4,Medium
Dairy,40,302,69,5,High
Dairy,58,235,295,4,Medium
Dairy,137,303,336,2,High
Fruits,24,281,424,5,Medium
Cooked Meal,220,397,511,4,Medium
Dairy,140,165,44,5,High
Fruits,247,373,670,5,Medium
Fruits,96,308,36,2,High
Fruits,78,116,41,1,High
Packaged Food,202,114,103,5,Medium
Bakery,167,54,580,5,Medium
Packaged Food,171,373,327,5,Medium
Snacks,156,105,205,5,Medium
Cooked Meal,14,277,587,2,Medium
Cooked Meal,51,248,113,5,Medium
Bakery,46,220,174,4,Medium
Dairy,13,59,279,1,Medium
Fruits,121,200,336,4,Medium
Packaged Food,76,455,561,5,Medium
Snacks,19,28,512,4,Low
Snacks,134,266,350,5,Medium
Cooked Meal,151,288,530,2,High
Snacks,55,44,213,2,Medium
Snacks,162,174,338,2,Medium
Snacks,173,118,507,2,Medium
Vegetables,244,397,711,4,Medium
Cooked Meal,77,192,31,4,High
Cooked Meal,174,202,676,5,Medium
Bakery,67,345,70,5,High
Packaged Food,64,100,336,4,Low
Fruits,180,22,611,1,Medium
Bakery,134,452,420,5,Medium
Snacks,144,28,145,2,Medium
Dairy,246,54,551,5,Medium
Dairy,246,358,392,4,Medium
Snacks,133,56,603,4,Low
Bakery,207,120,358,5,Medium
Fruits,212,327,712,5,Medium
Packaged Food,169,260,533,4,Medium
Bakery,179,361,534,5,Medium
Bakery,208,339,568,4,Medium
Cooked Meal,236,333,138,1,High
Snacks,170,115,221,5,Medium
Packaged Food,223,433,77,5,High
Vegetables,159,305,135,5,Medium
Fruits,135,369,576,1,High
Vegetables,180,137,219,1,High
Vegetables,17,216,598,2,Medium
Dairy,26,410,187,5,Medium
Dairy,39,403,48,4,High
Fruits,171,440,261,5,Medium
Cooked Meal,25,229,220,4,Medium
Bakery,100,112,249,5,Medium
Dairy,190,385,263,5,Medium
Fruits,122,263,260,5,Medium
Cooked Meal,17,437,711,4,Medium
Cooked Meal,196,171,601,4,Medium
Bakery,181,61,613,5,Medium
Snacks,166,146,256,5,Medium
Bakery,203,185,191,1,High
Dairy,128,356,685,5,Medium
Bakery,162,423,158,5,Medium
Dairy,190,164,696,4,Medium
Dairy,125,378,707,4,Medium
Snacks,85,249,52,5,Medium
Packaged Food,161,26,592,5,Low
Fruits,138,480,537,1,High
Snacks,145,459,50,5,High
Snacks,179,118,246,5,Medium
Fruits,90,125,578,1,Medium
Packaged Food,215,230,142,1,High
Vegetables,203,344,366,1,High
Fruits,99,372,695,4,Medium
Vegetables,111,445,589,5,Medium
Cooked Meal,13,378,690,1,Medium
Cooked Meal,142,67,62,4,High
Bakery,29,163,180,5,Medium
Fruits,137,11,341,2,Medium
Cooked Meal,186,364,222,5,High
Fruits,46,374,341,5,Medium
Packaged Food,166,68,129,4,Medium
Bakery,63,157,258,5,Medium
Bakery,166,405,467,5,Medium
Packaged Food,96,346,417,4,Medium
Bakery,28,139,33,2,High
Packaged Food,63,357,569,4,Medium
Bakery,187,263,295,4,Medium
Fruits,207,124,149,5,Medium
Bakery,242,319,570,5,Medium
Cooked Meal,107,184,515,1,High
Fruits,18,201,693,5,Medium
Fruits,174,237,66,4,High
Vegetables,146,175,663,4,Medium
Vegetables,116,235,636,1,High
Vegetables,205,418,343,5,Medium
Snacks,75,382,378,1,Medium
Packaged Food,57,442,556,5,Medium
Dairy,157,306,618,4,Medium
Packaged Food,39,305,676,1,Medium
Snacks,105,229,624,5,Medium
Packaged Food,165,38,203,4,Medium
Packaged Food,94,432,675,5,Medium
Packaged Food,75,265,557,5,Medium
Bakery,194,383,175,2,High
Cooked Meal,188,27,469,4,Medium
Cooked Meal,158,303,375,5,Medium
Cooked Meal,200,134,347,5,Medium
Fruits,23,392,272,4,Medium
Packaged Food,129,175,584,4,Medium
Cooked Meal,87,302,387,4,Medium
Vegetables,70,375,408,1,Medium
Fruits,74,456,702,1,Medium
Snacks,191,461,243,5,Medium
Cooked Meal,43,430,506,5,Medium
Packaged Food,180,181,641,2,Medium
Vegetables,109,138,66,5,High
Dairy,166,73,294,4,Medium
Fruits,212,383,692,5,Medium
Cooked Meal,86,51,220,2,Medium
Cooked Meal,30,117,569,5,Medium
Snacks,240,416,561,5,Medium
Snacks,165,467,283,4,Medium
Vegetables,154,143,286,5,Medium
Fruits,228,8,381,5,Medium
Vegetables,196,273,660,2,High
Bakery,219,190,547,5,Medium
Dairy,137,148,463,5,Medium
Fruits,198,396,644,5,Medium
Cooked Meal,244,248,43,5,High
Fruits,45,372,661,2,Medium
Fruits,111,64,717,1,Medium
Bakery,171,182,114,2,High
Cooked Meal,228,158,49,4,High
Packaged Food,31,68,221,4,Low
Bakery,44,164,212,4,Medium
Packaged Food,183,250,362,2,Medium
Bakery,158,15,232,4,Medium
Fruits,232,340,206,4,Medium
Bakery,205,154,658,1,Medium
Bakery,74,243,623,5,Medium
Fruits,217,247,562,4,Medium
Vegetables,33,83,197,2,Medium
Snacks,194,113,693,1,Medium
Cooked Meal,19,154,327,5,Medium
Bakery,143,217,601,4,Medium
Dairy,193,173,128,5,Medium
Packaged Food,193,380,392,4,Medium
Dairy,246,465,466,5,Medium
Fruits,77,400,234,5,Medium
Packaged Food,168,134,501,5,Medium
Bakery,121,108,544,2,Medium
Cooked Meal,115,161,90,5,High
Cooked Meal,157,438,72,4,High
Dairy,148,175,124,5,Medium
Snacks,195,364,352,2,Medium
Vegetables,55,428,231,5,Medium
Fruits,36,461,483,5,Medium
Fruits,135,308,347,4,Medium
Bakery,133,224,709,2,High
Vegetables,54,425,185,5,Medium
Dairy,80,239,424,4,Medium
Fruits,201,321,378,1,High
Snacks,44,11,510,5,Low
Bakery,95,184,565,1,Medium
Vegetables,168,59,526,2,Medium
Packaged Food,56,360,181,4,Medium
Bakery,64,54,318,5,Low
Fruits,233,90,514,2,Medium
Vegetables,202,262,313,4,Medium
Packaged Food,211,375,102,5,Medium
Snacks,140,267,410,4,Medium
Vegetables,139,321,162,1,High
Vegetables,87,258,250,5,Medium
Packaged Food,214,280,498,1,Medium
Vegetables,120,123,330,5,Medium
Fruits,45,257,234,4,Medium
Snacks,55,167,438,2,Medium
Snacks,187,385,486,5,Medium
Fruits,18,235,693,1,Medium
Bakery,131,422,512,5,Medium
Vegetables,93,347,319,4,Medium
Packaged Food,155,299,421,5,Medium
Vegetables,198,258,423,2,High
Snacks,74,18,264,5,Low
Bakery,32,152,449,4,Low
Vegetables,14,102,718,1,Medium
Cooked Meal,192,457,490,5,Medium
Cooked Meal,49,388,252,2,Medium
Bakery,54,181,460,5,Medium
Bakery,35,474,310,4,Medium
Bakery,121,75,620,1,Medium
Cooked Meal,94,325,379,5,Medium
Fruits,161,146,643,1,Medium
Bakery,249,434,461,1,High
Bakery,137,135,606,4,Medium
Packaged Food,245,476,479,4,Medium
Fruits,165,218,679,2,High
Packaged Food,167,196,472,4,Medium
Bakery,235,397,600,1,High
Vegetables,140,111,77,1,High
Fruits,189,119,577,1,Medium
Cooked Meal,31,311,157,5,Medium
Dairy,52,43,271,4,Medium
Packaged Food,35,372,630,2,Medium
Packaged Food,28,76,649,1,Medium
Vegetables,74,402,186,4,Medium
Snacks,128,135,204,5,Medium
Bakery,240,301,393,5,Medium
Dairy,157,164,422,5,Medium
Fruits,53,417,72,4,High
Packaged Food,67,102,151,5,Medium
Dairy,133,193,357,1,High
Dairy,16,101,403,5,Medium
Packaged Food,225,328,661,4,Medium
Cooked Meal,207,56,195,4,Medium
Snacks,58,418,397,5,Medium
Fruits,33,468,491,4,Medium
Cooked Meal,201,459,700,5,Medium
Snacks,82,304,292,5,Medium
Vegetables,174,319,702,4,Medium
Packaged Food,23,313,239,5,Medium
Packaged Food,36,445,606,4,Low
Fruits,92,462,295,4,Medium
Vegetables,120,111,185,4,Medium
Dairy,199,162,469,4,Medium
Fruits,35,119,624,5,Low
Vegetables,38,455,418,2,Medium
Cooked Meal,120,208,652,5,Medium
Cooked Meal,76,271,674,5,Medium
Fruits,182,246,699,5,Medium
Bakery,125,86,627,5,Medium
Bakery,86,192,259,5,Medium
Vegetables,156,271,422,4,Medium
Vegetables,12,65,610,5,Low
Snacks,219,266,391,4,Medium
Dairy,236,153,568,1,High
Snacks,229,443,325,1,Medium
Snacks,114,454,118,4,Medium
Fruits,59,411,38,1,High
Fruits,46,15,61,5,Medium
Packaged Food,118,193,87,5,High
Dairy,100,320,120,1,High
Fruits,134,240,483,2,High
Dairy,25,109,443,4,Medium
Fruits,194,373,356,5,Medium
Packaged Food,15,269,448,2,Medium
Cooked Meal,239,464,192,4,High
Packaged Food,77,67,82,5,Medium
Fruits,232,465,505,5,Medium
Dairy,143,296,164,5,High
Packaged Food,168,432,183,5,Medium
Snacks,223,41,351,5,Low
Dairy,170,6,442,4,Medium
Cooked Meal,104,395,450,1,High
Snacks,187,345,324,2,Medium
Fruits,128,408,118,5,Medium
Snacks,229,312,545,4,Medium
Fruits,193,114,720,5,Medium
Vegetables,229,475,30,4,High
Bakery,65,251,574,2,Medium
Packaged Food,181,248,526,4,Medium
Dairy,96,189,720,5,Medium
Bakery,241,136,152,2,High
Fruits,40,415,395,4,Medium
Fruits,183,337,93,4,Medium
Fruits,74,93,61,1,High
Snacks,139,120,239,5,Medium
Bakery,78,175,84,1,High
Snacks,96,446,664,5,Medium
Fruits,29,274,385,5,Medium
Fruits,31,18,469,5,Low
Vegetables,183,378,402,4,Medium
Bakery,21,470,333,5,Medium
Dairy,98,172,501,5,Medium
Fruits,129,259,653,4,Medium
Bakery,150,101,186,1,High
Packaged Food,212,59,393,5,Low
Dairy,228,396,118,2,High
Vegetables,125,413,334,1,High
Vegetables,183,359,539,2,High
Snacks,141,440,249,4,Medium
Dairy,227,121,79,5,High
Vegetables,229,402,124,4,Medium
Dairy,67,364,517,5,Medium
Fruits,238,472,550,5,Medium
Snacks,168,309,297,5,Medium
Snacks,130,281,674,2,Medium
Dairy,73,274,80,5,High
Snacks,231,200,465,5,Medium
Dairy,162,153,124,5,Medium
Fruits,221,329,117,4,Medium
Bakery,81,384,400,1,Medium
Bakery,100,361,508,4,Medium
Fruits,37,427,239,4,Medium
Vegetables,55,209,500,4,Medium
Dairy,186,204,713,5,Medium
Dairy,182,70,648,4,Medium
Bakery,103,423,543,5,Medium
Fruits,107,96,687,2,Medium
Vegetables,244,75,500,4,Medium
Snacks,207,357,236,5,Medium
Cooked Meal,168,226,444,1,High
Cooked Meal,76,133,342,2,Medium
Snacks,132,415,245,1,Medium
Cooked Meal,217,257,616,4,Medium
Cooked Meal,193,191,111,1,High
Bakery,140,231,513,1,High
Dairy,167,299,291,4,Medium
Cooked Meal,238,407,451,5,Medium
Dairy,93,88,649,4,Medium
Bakery,122,426,457,4,Medium
Bakery,180,441,87,5,High
Vegetables,106,68,315,5,Medium
Bakery,224,416,123,5,Medium
Packaged Food,206,69,355,1,Medium
Fruits,118,63,177,5,Medium
Snacks,196,233,242,2,Medium
Cooked Meal,189,7,330,2,Medium
Fruits,124,385,147,1,High
Snacks,12,86,377,1,Medium
Packaged Food,55,222,541,4,Medium
Fruits,94,165,114,4,Medium
Fruits,125,77,154,4,Medium
Packaged Food,173,391,64,1,High
Fruits,13,333,283,5,Medium
Packaged Food,132,344,295,5,Medium
Packaged Food,50,291,553,4,Medium
Cooked Meal,226,92,604,1,High
Snacks,161,176,354,2,Medium
Packaged Food,102,467,515,4,Medium
Snacks,15,427,204,5,Medium
Fruits,108,334,674,5,Medium
Bakery,97,197,128,2,High
Vegetables,67,328,93,2,High
Snacks,98,443,692,5,Medium
Fruits,199,15,614,5,Medium
Snacks,196,324,674,5,Medium
Bakery,199,66,205,5,Medium
Vegetables,18,220,399,5,Medium
Fruits,110,436,658,2,High
Fruits,109,185,290,4,Medium
Dairy,49,228,345,2,Medium
Dairy,13,412,637,1,Medium
Packaged Food,142,277,329,1,Medium
Fruits,167,453,676,5,Medium
Fruits,192,228,551,4,Medium
Dairy,146,146,666,2,High
Packaged Food,111,195,370,5,Medium
Packaged Food,111,274,644,2,Medium
Bakery,193,465,562,1,High
Packaged Food,76,232,288,1,Medium
Dairy,93,195,648,4,Medium
Vegetables,67,145,329,5,Medium
Fruits,190,111,33,5,High
Packaged Food,103,392,287,4,Medium
Fruits,104,287,601,5,Medium
Bakery,111,128,461,5,Medium
Packaged Food,86,140,690,5,Low
Bakery,198,456,396,5,Medium
Packaged Food,27,216,261,5,Low
Fruits,46,275,631,4,Medium
Fruits,110,219,358,1,High
Dairy,65,108,556,1,Medium
Cooked Meal,193,216,690,4,Medium
Fruits,70,332,611,4,Medium
Bakery,161,64,47,5,High
Bakery,177,217,81,4,High
Snacks,95,36,372,5,Low
Cooked Meal,42,40,80,1,High
Packaged Food,235,439,457,2,Medium
Fruits,187,260,277,4,Medium
Snacks,49,290,475,2,Medium
Bakery,49,118,99,4,Medium
Packaged Food,143,368,201,4,Medium
Bakery,29,22,271,5,Low
Packaged Food,151,192,518,5,Medium
Packaged Food,222,148,631,4,Medium
Packaged Food,107,363,551,5,Medium
Vegetables,239,154,700,5,Medium
Dairy,238,119,600,4,Medium
Snacks,215,285,32,5,High
Cooked Meal,247,457,361,5,Medium
Packaged Food,243,59,433,5,Low
Dairy,146,371,188,4,High
Packaged Food,51,342,442,5,Medium
Cooked Meal,30,460,242,4,Medium
Dairy,42,357,317,4,Medium
Packaged Food,23,217,133,5,Medium
Fruits,238,302,311,4,Medium
Packaged Food,24,305,401,5,Low
Fruits,216,32,116,2,Medium
Snacks,182,260,529,5,Medium
Snacks,78,69,545,2,Medium
Bakery,134,444,168,1,High
Vegetables,82,237,680,5,Medium
Snacks,119,209,421,2,Medium
Vegetables,87,57,52,5,Medium
Dairy,235,330,516,5,Medium
Packaged Food,145,299,599,4,Medium
Fruits,145,137,221,4,Medium
Bakery,106,429,122,4,Medium
Dairy,30,6,425,5,Low
Packaged Food,135,359,477,5,Medium
Packaged Food,34,351,458,1,Medium
Snacks,149,367,524,5,Medium
Cooked Meal,97,398,428,4,Medium
Fruits,93,162,606,4,Medium
Snacks,81,359,705,5,Medium
Cooked Meal,70,136,108,5,Medium
Snacks,38,159,632,1,Medium
Packaged Food,103,118,633,2,Medium
